,200.0,210.17,220.34,230.51,240.68,250.85,261.02,271.19,281.36,291.53,301.69,311.86,322.03,332.2,342.37,352.54,362.71,372.88,383.05,393.22,403.39,413.56,423.73,433.9,444.07,454.24,464.41,474.58,484.75,494.92,505.08,515.25,525.42,535.59,545.76,555.93,566.1,576.27,586.44,596.61,606.78,616.95,627.12,637.29,647.46,657.63,667.8,677.97,688.14,698.31,708.47,718.64,728.81,738.98,749.15,759.32,769.49,779.66,789.83,800.0
200.0,218.31222189444566,215.8761451061815,213.440030463495,211.00388632204573,208.56772103749353,206.13154296549814,203.69536046171928,201.25918188181683,198.82301558145042,196.38686991627986,193.95075324196506,191.51467391416548,189.0786402885411,186.64266072075165,184.20674356645682,181.77089718131643,179.33512992099028,176.899450141138,174.46386619741955,172.02838644549445,169.59301924102266,167.15777293966383,164.7226558970777,162.2876764689242,159.8528430108629,157.41816387855368,154.98364742765625,152.54930201383038,150.11513599273587,147.68115772003242,145.24737521463246,142.81378875025788,140.3803908554406,137.94717372196496,135.5141295416151,133.08125050617556,130.64852880743052,128.21595663716448,125.78352618716154,123.35122964920627,120.91905921508295,118.48700707657584,116.05506542546931,113.6232264535477,111.19148235259539,108.75982531439662,106.3282475307358,103.89674119339723,101.46529849416528,99.03391162482421,96.60257277715851,94.17127414295233,91.74000791399011,89.3087662820562,86.87754143893481,84.4463255764104,82.01511088626734,79.58388956028983,77.15265379026228,74.72139576796906
209.49,214.40331669305914,211.97902296337395,209.55469059597544,207.1303275607772,204.70594182769332,202.28154136663758,199.85713414752388,197.43272814026625,195.00833131477825,192.58395164097408,190.15959708876736,187.73527562807217,185.31099522880223,182.8867638608716,180.462589494194,178.03848009868338,175.61444364425358,173.1904881008186,170.7666214382922,168.3428516265882,165.91918663562066,163.49563443530332,161.07220299555016,158.6489002862749,156.2257342773916,153.80271293881407,151.37984424045624,148.95713615223178,146.53459664405486,144.11223368583916,141.69005492318425,139.26806054245975,136.84624327080485,134.42459551104488,132.00310966600472,129.5817781385095,127.16059333138433,124.73954764745429,122.31863348954442,119.89784326047985,117.4771693630857,115.05660420018694,112.63614017460868,110.21576968917604,107.79548514671407,105.37527895004786,102.95514350200247,100.53507120540304,98.11505446307459,95.69508567784213,93.27515725253095,90.85526158996592,88.43539109297225,86.01553816437496,83.59569520699911,81.17585462366982,78.7560088172122,76.33615019045126,73.91627114621214,71.49636408731986
218.98,210.49439516341388,208.08188882659363,205.66934337479893,203.2567663601384,200.84416533472117,198.43154785065585,196.01892146005122,193.6062937150162,191.19367216765943,188.78106437009004,186.36847787441656,183.95592023274784,181.5433989971928,179.13092171986017,176.7184959528589,174.30612924829754,171.89382915828514,169.48160323493045,167.06945903034224,164.65740409662928,162.24544598590046,159.83359225026464,157.42185044183051,155.01022811270693,152.59873281500273,150.18737210082674,147.77615352228776,145.3650846314945,142.9541729805559,140.54342612158078,138.1328512960009,135.72244859967856,133.31221098290607,130.9021310852992,128.4922015464733,126.08241500604396,123.6727641036267,121.2632414788371,118.85383977129067,116.44455162060294,114.03536966638944,111.62628654826574,109.21729490584735,106.80838737874981,104.39955660658867,101.99079522897948,99.58209588553773,97.17345121587898,94.76485385961875,92.35629645637258,89.94777164575608,87.53927206738467,85.13079036087396,82.72231916583948,80.31385112189669,77.90537886866122,75.49689504574862,73.08839229277434,70.67986324935394,68.27130055510304
228.47,206.58545446107325,204.18473937889542,201.78398499530914,199.38319841435091,196.98238674005748,194.58155707646563,192.18071652761205,189.7798721975336,187.37903119026672,184.97820060984841,182.57738756031526,180.1765991457041,177.77584247005154,175.37512463739435,172.9744527517692,170.57383391721297,168.1732752377622,165.77278381745376,163.3723667603243,160.9720311704106,158.57178415174934,156.17163280837724,153.77158424433105,151.37164556364752,148.97182387036332,146.57212626851515,144.17255986213982,141.77313175527405,139.3738490519546,136.97471885621806,134.57574797620364,132.17693641440658,129.77827736767762,127.3797637369704,124.98138842323822,122.58314432743468,120.18502435051313,117.78702139342701,115.38912835712972,112.99133814257488,110.59364365071568,108.19603778250573,105.79851343889841,103.40106352084719,101.00368092930553,98.60635856522677,96.20908932956442,93.81186612327198,91.41468184730279,89.01752940261031,86.62040169014807,84.22329161086938,81.82619206572775,79.42909595567667,77.03199618166944,74.63488564465962,72.23775724560065,69.84060388544586,67.44341846514882,65.04619388566292
237.97,202.6764917416004,200.28757130333452,197.8986116528497,195.50961941763583,193.12060122518258,190.73156370297986,188.3425134785175,185.95345717928515,183.56440143277263,181.17535286646978,178.7863181078663,176.39730378445213,174.00831652371696,171.61936295315053,169.2304497002427,166.84158339248324,164.45277065736198,162.06401812236874,159.67533241499314,157.28672016272503,154.8981879930543,152.50974253347067,150.12139041146386,147.7331382545238,145.34499269014017,142.95696034580283,140.56904784900152,138.18126182722602,135.79360890796616,133.40609571871173,131.01872860691387,128.6315074791358,126.24442580105247,123.85747675830069,121.4706535365168,119.08394932133743,116.69735729839898,114.3108706533381,111.92448257179123,109.53818623939497,107.15197484178577,104.76584156460028,102.37977959347486,99.99378211404621,97.60784231195078,95.22195337282504,92.83610848230562,90.45030082602896,88.06452358963163,85.67876995875018,83.29303311902112,80.90730625608096,78.52158255556624,76.13585520311354,73.75011738435921,71.36436228493999,68.97858309049232,66.59277298665273,64.2069251590577,61.82103279334385
247.46,198.7675041605589,196.3903812829657,194.01321954276432,191.63602506421466,189.258803971577,186.88156238911156,184.50430644107843,182.12704225173778,179.74977594534977,177.37251364617464,174.9952614784725,172.61802556650352,170.24081203452792,167.86362700680573,165.48647660759724,163.10936696116258,160.73230419176193,158.35529442365544,155.97834378110323,153.6014583883656,151.22464436970253,148.84790784937437,146.47125495164119,144.09469180076314,141.71822452100045,139.3418592366132,136.96560207186167,134.5894591510059,132.2134365983062,129.83754053802264,127.4617768312529,125.08614528635846,122.71063965896415,120.3352534415327,117.95998012652639,115.58481320640793,113.20974617363977,110.83477252068455,108.4598857400047,106.08507932406276,103.71034676532132,101.33568155624282,98.96107718928991,96.58652715692506,94.2120249516108,91.83756406580962,89.4631379919842,87.0887402225969,84.71436425011032,82.34000356698702,79.9656516656895,77.59130203868034,75.216948178422,72.84258357737704,70.468201728008,68.0937961227774,65.71936025414783,63.34488761458178,60.9703716965417,58.59580599249028
256.95,194.858488873512,192.49316600084424,190.1278048603966,187.76241104830882,185.3969901607211,183.03154779377343,180.6660895436058,178.30062100635828,175.93514777817086,173.56967545518359,171.2042096335365,168.83875590936967,166.4733198788229,164.1079071380366,161.74252328315046,159.37717391030466,157.0118646156392,154.6466009952941,152.2813886454094,149.91623316212517,147.55114014158127,145.18611517991792,142.8211638732751,140.4562918177928,138.09150460961095,135.72680784486982,133.36220711970932,130.99770803026934,128.63331617269012,126.26903714311148,123.90487629234217,121.54083332856672,119.17690231734576,116.81307707890856,114.44935143348417,112.08571920130196,109.72217420259094,107.35871025758043,104.99532118649958,102.63200080957755,100.26874294704359,97.90554141912682,95.5423900460565,93.17928264806174,90.81621304537185,88.45317505821585,86.09016250682306,83.72716921142265,81.36418899224374,79.00121566951556,76.63824306346741,74.27526499432825,71.9122752823275,69.54926774769423,67.18623621065757,64.82317449144685,62.46007641029118,60.09693578741977,57.73374644306179,55.37050219744646
266.44,190.94944303602287,188.59592214002498,186.2423638010901,183.88877306413966,181.53515497409518,179.18151457587837,176.82785691441057,174.47418703461344,172.1205099814084,169.76683079971713,167.41315453446109,165.0594862305619,162.70583093294093,160.35219368651983,157.99857953622018,155.64499352696345,153.29144070367113,150.93792611126497,148.58445479466624,146.23103179879658,143.87766216857767,141.52435094893087,139.17110318477782,136.81792392103992,134.46481820263884,132.11179107449613,129.7588475815332,127.40599276867172,125.05323168083319,122.70056936293909,120.34801063330295,117.99555509825271,115.64319715213051,113.29093096267077,110.93875069760753,108.5866505246752,106.23462461160787,103.88266712613994,101.53077223600545,99.17893410893876,96.8271469126741,94.47540481494563,92.12370198348766,89.77203258603438,87.4203907903201,85.06877076407892,82.71716667504519,80.36557269095312,78.01398297953688,75.66239170853072,73.31079304566896,70.95918115868574,68.60755021531534,66.25589438329197,63.9042078303499,61.55248472422331,59.20071923264648,56.84890552335363,54.49703776407896,52.14511012255677
275.93,187.04036380365497,184.6986463835629,182.3568925601885,180.01510680592847,177.67329359317972,175.33145739433914,172.9896026818036,170.64773392796994,168.30585560523502,165.9639721859958,163.62208814264892,161.28020794759155,158.93833607322026,156.5964769919322,154.25463517612403,151.91281509819265,149.57102123053505,147.22925804554797,144.88753001562836,142.54584161317297,140.2041973105788,137.86260158024257,135.52105889456126,133.1795737259318,130.8381505467509,128.49679382941545,126.15550804632245,123.81429766986862,121.47316717245093,119.13212102646617,116.79116349725665,114.45029408790849,112.10950753925161,109.76879838506161,107.42816115911371,105.08759039518338,102.747080627046,100.40662638847704,98.06622221325176,95.72586263514569,93.3855421879342,91.04525540539267,88.7049968212965,86.36476096942108,84.02454238354186,81.68433559743421,79.34413514487348,77.00393555963517,74.66373137549462,72.32351712622717,69.98328734560836,67.64303656741352,65.30275932541802,62.96245015339733,60.62210358512675,58.28171415438175,55.94127639493775,53.60078484057011,51.26023402505424,48.91961848216556
285.42,183.13124833197162,180.80133541451318,178.47138733303558,176.1414079678968,173.81140119945522,171.4813709080689,169.15132097409602,166.82125527789486,164.49117769982345,162.16109212024014,159.8310024195029,157.5009124779702,155.170826176,152.8407473939505,150.51068001217996,148.18062791104649,145.85059497090828,143.52058507212348,141.1906020950504,138.8606499200471,136.53073242747186,134.20085349768274,131.87101701103794,129.54122684789567,127.21148688861419,124.88180101355158,122.55217310306601,120.22260703751571,117.89310669725886,115.5636759626536,113.23431852732469,110.90503379002632,108.57581685464248,106.24666263832361,103.91756605822009,101.5885220314824,99.25952547526084,96.930571306706,94.60165444296821,92.27276980119788,89.94391229854548,87.61507685216141,85.28625837919613,82.95745179679999,80.62865202212349,78.29985397231701,75.97105256453096,73.64224271591587,71.31341934362203,68.9845773647999,66.65571169659998,64.32681725617257,61.997888960668206,59.66892172723728,57.33991047303013,55.01085011519732,52.68173557088918,50.35256175725617,48.02332359144871,45.69401599061723
294.92,179.2220937765362,176.9039859159307,174.58584431497476,172.26767224426598,169.9494729744018,167.63124977598022,165.31300591959862,162.99474467585478,160.6764693153462,158.35818310867066,156.03988932642577,153.72159123920915,151.40329211761852,149.0849952322514,146.76670385370554,144.4484212525785,142.130150699468,139.81189546497163,137.49365881968706,135.175444034212,132.85725437914402,130.53909312508068,128.22096354261973,125.90286890235888,123.58481247489564,121.26679753082774,118.94882734075277,116.6309051752684,114.3130343049723,111.99521800046206,109.67745936662826,107.35975769709832,105.04210847423616,102.72450701469911,100.40694863514393,98.08942865222785,95.7719423826078,93.4544851429409,91.13705224988415,88.81963902009458,86.50224077022928,84.18485281694524,81.86747047689948,79.55008906674912,77.23270390315116,74.91531030276262,72.59790358224056,70.28047905824202,67.963032047424,65.64555786644355,63.32805183195785,61.010509260623735,58.69292546909836,56.37529577403875,54.05761549210189,51.73987993994488,49.422084434224764,47.10422429159858,44.786294828723314,42.46829136225607
304.41,175.3128972929119,173.00659457087048,170.7002597013499,168.39389532925728,166.08750409950022,163.7810886569861,161.47465164662248,159.16819571331658,156.86172350197597,154.5552376575081,152.24874082482023,149.94223564881995,147.6357247744146,145.32921084651176,143.02269651001862,140.71618440984278,138.4096771908916,136.10317749807263,133.79668797629301,131.4902112704605,129.1837500254824,126.87730688626606,124.57088449771898,122.26448550474858,119.95811255226226,117.65176828516749,115.34545534837174,113.03917638678229,110.73293404530673,108.42673096885238,106.12056965828891,103.81444930161659,101.508365773966,99.2023148064304,96.89629213010255,94.59029347607556,92.2843145754423,89.97835115929587,87.67239895872918,85.36645370483528,83.06051112870708,80.75456696143756,78.44861693411974,76.14265677784664,73.83668222371118,71.53068900280633,69.22467284622513,66.91862948506058,64.61255465040557,62.30644407335309,60.000293484996234,57.694098616427894,55.38785519874108,53.08155896302878,50.77520564038392,48.46879096189955,46.16231065866865,43.85576046178417,41.54913610233911,39.24243331142646
313.9,171.40365603666217,169.1091580623876,166.81462968750444,164.52007291709214,162.22548975623056,159.93088220999945,157.63625228347837,155.34160198174712,153.04693330988525,150.7522482729727,148.457548876089,146.1628371243139,143.86811502272695,141.57338457640813,139.27864779043696,136.98390666989314,134.6891632198564,132.39441944540644,130.09967735162294,127.80493894358561,125.51020622637417,123.21548120506829,120.92076588474765,118.626062270492,116.33137236738098,114.03669818049433,111.74204171491175,109.44740497571293,107.15278996797754,104.85819869678531,102.56363304542793,100.26909209607327,97.97457212976525,95.68006930575993,93.38557978331323,91.09109972168125,88.79662528011981,86.50215261788506,84.20767789423283,81.91319726841924,79.61870689970026,77.3242029473318,75.02968157056992,72.73513892867058,70.44057118088976,68.14597448648347,65.8513450047077,63.556678894818425,61.26197231607158,58.96722142772321,56.67242238902937,54.37757135924589,52.082664497628876,49.7876979634343,47.492667915918084,45.19757051433627,42.90240191794486,40.60715828599982,38.3118357777571,36.01643055247278
323.39,167.49436716335026,165.21167307353699,162.92895046878198,160.64620070199197,158.36342512607337,156.08062509393298,153.7978019584773,151.51495707261307,149.23209178924682,146.9492074612852,144.6663054416348,142.3833870832023,140.10045373889432,137.8175067616174,135.5345475042782,133.25157731978345,130.9685975610396,128.6856095809534,126.40261473243136,124.1196143683802,121.8366098417065,119.55360250531689,117.270593712118,114.9875848150164,112.7045771669188,110.42157212073171,108.13857102936184,105.85557524571576,103.57258612270014,101.28960501322153,99.00663317116661,96.7236695729605,94.440710917567,92.15775380493005,89.8747948349933,87.59183060770062,85.30885772299574,83.02587278082248,80.7428723811246,78.45985312384596,76.17681160893028,73.89374443632137,71.61064820596306,69.32751951779909,67.04435497177323,64.7611511678293,62.477904705911136,60.19461218596246,57.911270207927075,55.62787537174876,53.34442427737139,51.0609135247386,48.777339713794326,46.4936994444823,44.209989316746245,41.92620593053005,39.64234588577748,37.35840578243231,35.0743822204383,32.79027179973931
332.88,163.5850278285395,161.31413628737366,159.04321824052641,156.772274378178,154.50130539050903,152.2303119676997,149.95929479993035,147.68825457738137,145.4171919902331,143.14610772866604,140.87500248286042,138.60387694299666,136.33273179925516,134.06156774181622,131.7903854608602,129.51918564656756,127.24796898911853,124.97673617869356,122.70548790547296,120.43422485963718,118.16294773136654,115.89165721084136,113.62035398824207,111.34903875374903,109.07771219754257,106.80637500980306,104.53502788071089,102.26367150044638,99.99230655918998,97.72093374712195,95.44955367862637,93.17816522477048,90.90676551330463,88.63535159618316,86.36392052536003,84.09246935278946,81.82099513042547,79.54949491022231,77.27796574413398,75.00640468411473,72.73480878211859,70.46317509009971,68.1915006600122,65.91978254381016,63.64801779344779,61.376203460879175,59.10433659805841,56.83241425693965,54.56043348947698,52.28839134762454,50.016284883336525,47.74411114856695,45.47186719526998,43.199550075399756,40.92715684091034,38.65468454375591,36.38213023589061,34.10949096926851,31.83676379584373,29.563945767570452
342.37,159.67563518779323,157.41654438695264,155.15742919808122,152.8982896398719,150.6391257310179,148.37993749021237,146.12072493614826,143.86148808751875,141.6022269630169,139.34294158133588,137.08363196116872,134.82429812120856,132.56494008014835,130.30555785668142,128.04615146950073,125.78672093729938,123.52726627877047,121.26778751260716,119.00828465750246,116.74875773214954,114.48920675524141,112.2296317454713,109.97003272153215,107.71040970211716,105.4507627059194,103.19109175163193,100.93139685794793,98.6716780435604,96.41193532716252,94.1521687274473,91.8923782109286,89.63256254399526,87.37271929291136,85.11284597176164,82.85294009463075,80.59299917560355,78.33302072876457,76.0730022681987,73.8129413079906,71.55283536222501,69.29268194498667,67.03247857036021,64.77222275243041,62.51191200528205,60.2515438429998,57.99111577966836,55.73062532937247,53.47007000619689,51.20944732422628,48.948754797545384,46.687989940239,44.42715026639174,42.166233290088385,39.905236525413656,37.64415748645222,35.38299368728888,33.12174264200832,30.86040186469527,28.598968869434458,26.337441170310576
351.86,155.76618639667478,153.51889405532893,151.27157953679,149.0242421812948,146.77688132908048,144.52949632038388,142.28208649544214,140.03465119449206,137.78718975777076,135.53970152551514,133.29218583796228,131.0446420353491,128.79706945791258,126.54946744588968,124.30183533951745,122.05417247903284,119.8064782046728,117.55875185667436,115.3109927752745,113.06320030071018,110.81537377321838,108.56751253303608,106.31961592040034,104.07168327554803,101.82371393871618,99.57570725014178,97.32766255006186,95.07957917871329,92.83145647633314,90.58329378315837,88.33509041119463,86.08684502312708,83.83855563232036,81.59022022390783,79.34183678302279,77.09340329479853,74.84491774436843,72.5963781168658,70.3477823974239,68.09912857117617,65.85041462325586,63.601638538796315,61.35279830293082,59.103891900792775,56.854917317515444,54.60587253823218,52.356755548076265,50.10756433218111,47.85829687567994,45.60895116370611,43.35952518139303,41.1100169138739,38.860424346282116,36.61074546375098,34.36097825141382,32.11112069440394,29.861170777854703,27.61112648689945,25.360985806671426,23.110746722304032
361.36,151.85667861074754,149.62118197555765,147.38566545199652,145.1501276966682,142.9145673661771,140.67898311712725,138.44337360612286,136.20773748976822,133.9720734246673,131.7363800674245,129.500656074644,127.26490010292993,125.02911080888644,122.79328684911782,120.5574268802282,118.3215295588218,116.08559354150276,113.84961748487534,111.61360004554368,109.37753988011202,107.14143564518452,104.90528599736537,102.66908959325879,100.4328450894689,98.19655114259997,95.96020640925614,93.72380954604164,91.48735920956061,89.25085405641732,87.01429274321592,84.77767392254589,82.5409961546581,80.30425790746494,78.06745764486423,75.83059383075344,73.59366492903034,71.3566694035925,69.11960571833768,66.88247233716346,64.6452677239676,62.40799034264771,60.17063865710143,57.933211131226464,55.69570622892043,53.45812241408106,51.22045815060594,48.98271190239276,46.74488213333922,44.50696730734292,42.26896588830153,40.03087634011281,37.792697126674305,35.55442671188373,33.31606355963874,31.07760613383697,28.839052898376142,26.60040231715389,24.361652854067856,22.122802973015723,19.883851137895167
370.85,147.94710898557474,145.72340483069365,143.49968313904432,141.27594188021345,139.05217902378814,136.8283925393551,134.60458039650135,132.38074056481378,130.15687101387914,127.93296971328445,125.70903463261652,123.48506374146233,121.26105500940865,119.03700640604245,116.81291590095067,114.58878146372008,112.3646010639376,110.14037267119019,107.91609425506468,105.69176378514798,103.46737923102697,101.24293856228853,99.01843974851958,96.79388075930697,94.5692595642376,92.34457413289836,90.1198224348762,87.8950024397579,85.67011211713044,83.44514943658064,81.22011238810356,78.99499943108033,76.7698094942783,74.54454152687305,72.31919447803993,70.09376729695448,67.86825893279217,65.64266833472844,63.41699445193876,61.19123623359866,58.96539262888356,56.739462586968976,54.5134450570303,52.287338988243114,50.06114332978282,47.83485703082489,45.60847904054483,43.38200830811808,41.15544378272014,38.92878441352642,36.702029149712516,34.47517694045378,32.24822673492573,30.021177482303855,27.794028131763582,25.56677763248041,23.33942493362984,21.111968984387318,18.8844087339283,16.656743131428293
380.34,144.03747467671974,141.825559303792,139.61362879327706,137.4016804261519,135.18971148339398,132.9777192459805,130.76570099488862,128.5536540110957,126.34157557557884,124.12946296931541,121.91731347328262,119.70512436845769,117.49289293581785,115.28061645634044,113.0682922110026,110.8559174807816,108.64348954665469,106.43100568959913,104.21846319059216,102.005859330611,99.7931913906329,97.58045665163516,95.36765239459491,93.15477590048948,90.94182445029612,88.72879532499202,86.51568580555448,84.30249317296067,82.0892147081879,79.87584769221341,77.66238945098912,75.44883834488598,73.23519376869366,71.02145516217676,68.80762196509961,66.59369361722688,64.37966955832286,62.16554922815222,59.95133206647931,57.737017513068736,55.5226050076849,53.308093990092324,51.093483900055496,48.87877417733892,46.66396426170706,44.44905359292439,42.234041610755426,40.01892775496467,37.80371146531656,35.58839218157561,33.37296934350634,31.157442390873197,28.941810763440703,26.726073900973315,24.51023124323551,22.294282229991822,20.078226301006715,17.86206289604469,15.645791454870208,13.429411417247795
389.83,140.12777283974592,137.92764207790776,135.72749861003837,133.52733902870503,131.32715992647513,129.12695789591618,126.92672952959558,124.72647142008078,122.5261801599391,120.32585234173806,118.12548455804507,115.92507340142754,113.72461546445281,111.52410733968846,109.32354561970179,107.12292689706024,104.92224776433127,102.72150481408231,100.52069463888076,98.319813831294,96.11885898388952,93.91782668923469,91.71671353989697,89.51551612844375,87.31423104744246,85.11285488946058,82.91138424706546,80.70981571282451,78.50814587930522,76.30637133907493,74.10448875432398,71.90249638856724,69.70039410664431,67.49818184301775,65.29585953214989,63.09342710850319,60.890884506540125,58.68823166072317,56.48546850551469,54.28259497537723,52.07961100477317,49.87651652816497,47.67331148001509,45.46999579478595,43.26656940694002,41.06303225093972,38.859384261247534,36.655625372325865,34.451755518637185,32.247774634643925,30.04368265480857,27.8394795135935,25.635165145461198,23.43073948487413,21.226202466294687,19.021554024185356,16.816794093008596,14.611922607226822,12.406939501302483,10.201844709698051
399.32,136.21800063021644,134.02964983609587,131.8412887846719,129.652913382094,127.46451953451188,125.27610314807507,123.08766012893318,120.89918638323576,118.71067781713246,116.52213033677288,114.33353984830657,112.14490225788315,109.95621347165212,107.76746939576321,105.57866593636595,103.38979899960988,101.20086449164467,99.01185831861987,96.82277638668505,94.63361460198989,92.44436887068389,90.25503509891668,88.06560919283785,85.87608705859697,83.68646460234362,81.49673773022745,79.30690234839803,77.1169543630049,74.92688968019772,72.73670420612603,70.54639394122943,68.35595705461618,66.16539388406343,63.97470486163834,61.78389041940788,59.592950989439196,57.40188700379931,55.210698894555364,53.019387093774384,50.8279520335235,48.63639414586978,46.44471386288027,44.252911616622086,42.06098783916229,39.86894296256797,37.676777418906184,35.48449164024404,33.29208605864859,31.09956110618693,28.906917214926114,26.714154816933306,24.52127434427548,22.328276229019767,20.135160903233245,17.941928798982968,15.748580348336029,13.555115983359537,11.361536136120531,9.167841238686107,6.974031723123361
408.81,132.30815520369487,130.13157926141145,127.95499551252131,125.77839918054043,123.60178548898469,121.42514966137006,119.2484869212124,117.07179249202763,114.89506159733172,112.71828946064048,110.54147130546998,108.36460235533606,106.18767783375459,104.0106929642416,101.83364297031288,99.65652307548446,97.4793285032722,95.30205447719204,93.12469622075992,90.94724895749168,88.76970791090329,86.59206830451068,84.41432536182977,82.23647430637642,80.05851036166662,77.88042875121621,75.70222469854124,73.52389342715749,71.34543016058093,69.1668301223275,66.98808865482685,64.80920383552504,62.630176476884344,60.451007510281016,58.271697867091056,56.09224847869066,53.912660276455924,51.732934191763015,49.55307115598798,47.373072100507024,45.192937956696234,43.012669655931724,40.832268129589636,38.651734309046105,36.471069125677225,34.29027351085913,32.109348395967956,29.928294712379813,27.74711339147083,25.565805364617113,23.38437156319485,21.202812918580097,19.021130362149,16.8393248252777,14.657397239342272,12.47534853571888,10.29317964578367,8.110891500912718,5.9284850324821665,3.745961171868156
418.31,128.39823371574434,126.23342703690932,124.06861498893022,121.90379211826556,119.73895297137393,117.57409209471393,115.4092040347441,113.24428333792302,111.07932455070923,108.91432221956136,106.74927089093795,104.58416511129755,102.4189994270988,100.25376838480015,98.08846653086032,95.92308841173778,93.75762857389111,91.5920815637789,89.42644192785974,87.26070421259216,85.09486296443475,82.92891272984612,80.76284805528475,78.5966634872093,76.43035357207829,74.26391285635029,72.09733588648393,69.9306172089377,67.76375137017021,65.59673291664004,63.42955653823759,61.26222022378584,59.09472526104019,56.92707308118804,54.7592651154166,52.59130279491328,50.423187550865336,48.25492081446013,46.086504016884916,43.91793858932707,41.74922596297387,39.58036756901265,37.41136483863071,35.24221920301539,33.07293209335397,30.90350494083378,28.73393917664214,26.564236231966362,24.394397537993765,22.224424525911616,20.054318626907335,17.884081272168135,15.713713892881387,13.543217920234387,11.372594785414432,9.201845919608855,7.030972754004996,4.859976719790144,2.6888592481515943,0.5176217702767083
427.8,124.48823332192828,122.33518984564465,120.18214340924229,118.02908788949084,115.87601716316003,113.72292510701963,111.56980559783935,109.41665251238884,107.2634597274378,105.11022111975606,102.95693056611327,100.80358194327916,98.65016912802344,96.49668599711582,94.34312642732603,92.18948429542375,90.03575347817873,87.88192785236069,85.72800129473933,83.57396768208437,81.41982089116553,79.26555479875252,77.11116328161509,74.95664021652293,72.80197948024568,70.64717494955319,68.4922205012151,66.33711001200113,64.18183735868104,62.026396418024476,59.87078123458305,57.714989711890816,55.55902361246425,53.40288486660187,51.246575404601906,49.090097156762866,46.93345205338304,44.77664202476092,42.619669001194794,40.46253491298309,38.30524169042422,36.147791263816536,33.99018556345843,31.832426519648305,29.674516062684543,27.51645612286551,25.3582486304896,23.199895515855225,21.041398709260726,18.88276014100451,16.723981741385018,14.565065440700543,12.40601316924953,10.246826857330369,8.08750843524138,5.928059833281021,3.768482981747674,1.608779810939693,-0.5510477488445216,-2.7109977673065644
437.29,120.57815117780996,118.43686437067238,116.29557696880111,114.15428218843756,112.01297324582333,109.87164335719999,107.73028573880896,105.58889360689179,103.44746017768999,101.30597866744509,99.16444229239869,97.02284426879221,94.88117781286716,92.73943614086518,90.59761246902767,88.45570001359624,86.31369199081232,84.17158161691749,82.02936210815326,79.88702668076117,77.7445685509827,75.60198093505942,73.45925704923283,71.31639010974443,69.17337333283575,67.03019993474832,64.88686313172367,62.74335614000328,60.59967217582872,58.4558044554415,56.311746386984495,54.16749579233202,52.02305490708974,49.878426158764825,47.733611974864196,45.58861478289508,43.443437010364434,41.29808108477943,39.152549433647046,37.00684448447444,34.86096866476865,32.71492440203675,30.56871412378581,28.42234025752292,26.27580523075514,24.12911147098955,21.982261405733222,19.835257462493242,17.688102068776654,15.540797652090529,13.39334663994203,11.245751459838127,9.098014539285936,6.9501383057925334,4.8021251868649575,2.6539776100103225,0.5056980027357088,-1.6427112074518266,-3.7912475930452234,-5.939908726537377
446.78,116.66798443895274,114.53844729504752,112.40891186295035,110.2793707093272,108.14981640084432,106.02024150416786,103.89063858596396,101.76100021289876,99.6313189516384,97.5015873688491,95.37179803119696,93.24194350534812,91.11201635796874,88.98200915572502,86.85191446528312,84.72172485330913,82.5914328864692,80.46103113142952,78.33051215485627,76.19986852341555,74.0690928037735,71.93817756259634,69.80711536655019,67.67589878230116,65.54452037651545,63.412972715859226,61.28124836699862,59.149339896599756,57.017239871328826,54.88494085785198,52.7524356385634,50.61972195760169,48.48680252084994,46.353680249919314,44.22035806642085,42.08683889196572,39.95312564816499,37.819221256629824,35.68512863897128,33.55085071680052,31.416390411728642,29.28175064536673,27.146934339325924,25.01194441521735,22.876783794652077,20.741455399241264,18.605962150595982,16.47030697032739,14.33449278004654,12.198522501364561,10.062399055892653,7.926125365241796,5.789704351023189,3.6531389348479353,1.5164320383270906,-0.6204134169281792,-2.7573945093067525,-4.894508317197553,-7.031751918989448,-9.169122393071325
456.27,112.75773026091993,110.63993530182512,108.52214428703361,106.40434914638107,104.28654180970327,102.1687142068361,100.05085826761525,97.93296592187652,95.81502909945564,93.69703973018846,91.57898974391075,89.46087107045828,87.34267563966681,85.22439538137212,83.10602222541003,80.98754810161628,78.86896493982664,76.75026466987693,74.6314392216029,72.51248052484031,70.39338050942503,68.2741311051927,66.15472424197921,64.0351518496203,61.915405857951754,59.79547819680933,57.675360796028855,55.55504558544603,53.43452449489672,51.313789454216646,49.19283263244103,47.071651700191914,44.950249829678036,42.82863043230773,40.70679691948911,38.584752702630524,36.46250119314012,34.34004580242622,32.21738994189699,30.094537022960708,27.971490457025606,25.84825365549989,23.724830029791843,21.601222991309672,19.47743595146163,17.353472321655918,15.229335513300809,13.105028937804542,10.98055600657532,8.855920131021389,6.73112472255104,4.606173192572435,2.4810689524938483,0.35581541372351877,-1.7695840123303537,-3.8951259142594976,-6.020806880655661,-8.146623500110639,-10.272572361216191,-12.398650052564058
465.76,108.84738579927485,106.74132507406016,104.63527043639459,102.52921319382055,100.42314465388075,98.31705612411761,96.21093891207383,94.10478432529189,91.99858367131436,89.89232825768389,87.78600939194294,85.67961838163414,83.57314653430004,81.46658515748322,79.35992555872622,77.25315904557164,75.146276925562,73.03927050623989,70.93213109514788,68.82484999982854,66.71741852782445,64.60982798667813,62.502069683932206,60.39413492712915,58.28601502381162,56.17770128152219,54.069185007803355,51.96045751019769,49.85151009624782,47.74233407349627,45.63292101173884,43.52326851259485,41.41338020950729,39.303259998172436,37.192911774286316,35.08233943354525,32.97154687164532,30.860537984282757,28.749316667153703,26.63788681595441,24.526252326381012,22.414417094129682,20.30238501489661,18.190159984378006,16.07774589827003,13.965146652268837,11.852366142070657,9.739408263371644,7.626276911867971,5.512975983255815,3.399509373231428,1.2858809774909015,-0.8279053082695418,-2.9418455883537145,-5.055935967065477,-7.170172548708607,-9.28455143758692,-11.39906873800425,-13.51372055426442,-15.628502990671233
475.25,104.9369482095808,102.84261329480765,100.74828650637689,98.65395854586707,96.55962011485698,94.46526191492526,92.37087464765061,90.2764490146117,88.18197571738722,86.08744545755582,83.99284893669623,81.89817685638711,79.80341991820715,77.708568823735,75.61361427454942,73.51854697222902,71.42335761835248,69.32803691449853,67.23257556224583,65.13696426317304,63.041193718858906,60.94525463088204,58.84913770082118,56.75283363025494,54.65633312076205,52.559626873921175,50.46270559131105,48.365559974510276,46.26818072509759,44.170558544651634,42.0726844195781,39.97455588730265,37.87617703627095,35.77755223975581,33.678685871029764,31.579582303365616,29.480245910035936,27.38068106431352,25.280892139470957,23.180883508780973,21.080659545516266,18.980224622949457,16.879583114353295,14.778739393000428,12.677697832163545,10.576462805115316,8.475038685128432,6.373429845475584,4.271640659429431,2.169675500262648,0.0675387412479973,-2.0347652443419544,-4.137232083234447,-6.239857402156817,-8.342636827836422,-10.445565987000542,-12.548640506376469,-14.651856012691571,-16.755208132673143,-18.858692493048505
484.75,101.0264146891016,98.94379669701974,96.86118875068092,94.77858096379408,92.69596345006845,90.61332632321304,88.53065969693698,86.44795368494933,84.36519840095912,82.2823839586755,80.19950047180753,78.11653805406429,76.03348681915492,73.95033688078838,71.86707835267387,69.78370134852044,67.70019598203717,65.61655236693315,63.532760616917436,61.448810845699114,59.364693166987315,57.28039769449105,55.19591454191948,53.11123382298163,51.02634565138661,48.9412401408435,46.855907405061394,44.77033755774934,42.68452071261646,40.598446983371815,38.512106790583715,36.42549761258204,34.33862398545832,32.251490752163356,30.16410275564781,28.076464838862485,25.98858184475804,23.9004586162853,21.81209999639492,19.723510828037703,17.634695954164386,15.545660217725645,13.456408461672291,11.366945528955016,9.277276262524584,7.187405505331697,5.097338100327133,3.007078890461619,0.9166327186858687,-1.173995572049381,-3.264801138793307,-5.355779138595285,-7.4469247285045155,-9.538233065570267,-11.629699306841838,-13.72131860936846,-15.813086130199364,-17.90499702638386,-19.9970464549712,-22.089229573010623
494.24,97.11578339421001,95.04487316128191,92.97397476521215,90.90307775107352,88.832171663939,86.76124604888146,84.69029045097376,82.61929441528886,80.54824748689947,78.47713921087872,76.4059591322993,74.33469679623418,72.26334174775624,70.19188353193837,68.12031169385348,66.04861577857437,63.97678533117401,61.90480989672527,59.832679020301015,57.76038224697414,55.68790912181754,53.61524918990411,51.5423919963067,49.46932708609824,47.39604400435157,45.32253229613962,43.248781506535266,41.174781180611376,39.100520863440856,37.02599010009658,34.951178763960236,32.876084279515474,30.800711622347958,28.725066096352208,26.649153005422573,24.572977653453613,22.496545344339687,20.419861381975334,18.342931070254927,16.265759713072995,14.188352614323968,12.110715077902281,10.032852407702398,7.954769907618792,5.8764728815459115,3.7979666333781776,1.7192564670100867,-0.3596523136639244,-2.4387544047494027,-4.518044502351921,-6.597517302576921,-8.677167501530077,-10.75698979531686,-12.836978880042828,-14.917129451813562,-16.997436206734577,-19.07789384091139,-21.158497050449586,-23.239240531454705,-25.32011898003227
503.73,93.20505344038783,91.14584171581285,89.08664348808101,87.02744775337551,84.96824350787979,82.90901974777726,80.84976546925124,78.79046966848504,76.73112134166215,74.67170948496583,72.61222309457952,70.55265116668657,68.4929826974703,66.43320668311415,64.3733121198015,62.31328800371561,60.25312333103992,58.192807097957854,56.13232830065266,54.071675935307766,52.01083899810656,49.94980648523238,47.888567392868616,45.8271107171986,43.76542545440574,41.703500600673344,39.64132515218489,37.57888810512363,35.516178455673014,33.45318520001636,31.389897683491963,29.326313282001063,27.262437402007695,25.198275799131025,23.133834228989976,21.06911844720369,19.004134209391097,16.938887271171353,14.873383388163402,12.807628315986362,10.741627810259244,8.675387626601058,6.60891352063088,4.542211247967743,2.4752865642307005,0.40814522503875716,-1.6592070139890143,-3.7267643972335884,-5.7945211690759235,-7.862471573896998,-9.930609856077687,-11.998930259999058,-14.067427030042019,-16.136094410587525,-18.20492664601658,-20.2739179807101,-22.34306265904902,-24.412354925414352,-26.481789024187044,-28.55135919974803
513.22,89.29422398481735,87.2467014387287,85.19919391575493,83.1516898834226,81.10417780925829,79.05664616078859,77.00908340554017,74.96147801103953,72.91381844481327,70.86609317438808,68.81829066729051,66.77039939104708,64.7224078131844,62.6743044012292,60.626077622707946,58.57771594514724,56.5292078360737,54.480541763013925,52.43170619349451,50.38268959504203,48.33348043518312,46.2840671814443,44.23443830135222,42.18458226243347,40.13448753221465,38.08414257822232,36.03353586798312,33.98265586902359,31.931491048870367,29.88002987505001,27.828261184466825,25.776182309711572,23.723799079061514,21.671117690171723,19.618144340697057,17.56488522829255,15.51134655061313,13.457534505313829,11.403455290049545,9.349115102475297,7.294520140246043,5.2396766010167415,3.184590682442379,1.129268582177911,-0.9262835021216768,-2.9820593728014364,-5.038052832206378,-7.094257682681536,-9.150667726571962,-11.207276766222671,-13.264078603978643,-15.321067042184989,-17.3782358831867,-19.435578929328805,-21.49308998295636,-23.550762846414372,-25.60859132204785,-27.666569212201868,-29.72469031922143,-31.782948445451563
522.71,85.38329418468086,83.34745140814528,81.31162504470113,79.27580305393705,77.23997339544155,75.20412402880345,73.16824291361124,71.1323180094536,69.09633727591913,67.06028867259647,65.0241601590743,62.9879396949412,60.9516152397858,58.91517475319675,56.87860619476266,54.84189752407218,52.80503670071395,50.76801168427655,48.730810434348655,46.69342091051887,44.65583107237585,42.6180288795082,40.58000229150457,38.54173926795356,36.50322776844382,34.46445575256401,32.425411179902696,30.38608201004855,28.34645620259021,26.306521717116265,24.26626690217256,22.22568905231975,20.184794408133346,18.143589599146146,16.10208125489077,14.060276004900036,12.018180478706558,9.975801305843145,7.9331451158424295,5.8902185382372165,3.847028202560166,1.8035807383440046,-0.24011722487853632,-2.284059057574749,-4.328238130211916,-6.372647813257337,-8.417281477178262,-10.462132492441995,-12.507194229515825,-14.552460058867043,-16.597923350962855,-18.643577476270643,-20.68941580525764,-22.735431708391136,-24.781618556138437,-26.827969718966802,-28.8744785673435,-30.921138471735826,-32.96794280261109,-35.01488493043654
532.2,81.47226319716053,79.44809070217848,77.42393587138683,75.39978617764113,73.3756290937969,71.35145209270974,69.32724264723512,67.30298823022862,65.27867631454572,63.254294373042036,61.22982987857309,59.20527030399444,57.18060312216158,55.155815805930104,53.13089582815553,51.10583066169339,49.08060777939923,47.05521465412863,45.029638758737065,43.003867566080125,40.97788854901335,38.95168918039228,36.92525693307244,34.89857927990938,32.87164369375863,30.84443764747579,28.816948613916338,26.789164065935825,24.7610714763898,22.732658318133822,20.703912471896906,18.674831199498218,16.645421143846978,14.615689355726024,12.585642885917997,10.555288785205784,8.524634104372025,6.493685894199574,4.462451205471105,2.4309370889694364,0.3991505954773038,-1.6329012242225636,-3.6652113193473674,-5.69777263911438,-7.730578132740821,-9.763620749443973,-11.796893438441046,-13.830389148949282,-15.864100830185965,-17.898021431368324,-19.93214390171352,-21.966461190438917,-24.00096624676171,-26.035652019899125,-28.07051145906845,-30.105537513486894,-32.14072313237169,-34.17606126494011,-36.21154486040939,-38.247166867996754
541.69,77.56113017943875,75.54861839894437,73.5361253922795,71.52363816725749,69.51114373169173,67.49862909339568,65.48608126018266,63.47348723986615,61.460834040259435,59.44810866917598,57.43529813442923,55.42238944383251,53.40936960519921,51.39622562634277,49.382944515076545,47.36951327921398,45.355918926568435,43.34214846495334,41.32818890218202,39.31402724606795,37.29965050442451,35.28504568506508,33.270199795803045,31.255099844451813,29.23973283882479,27.22408578673537,25.208145695996958,23.191899574422926,21.17533442982668,19.15843727002162,17.141195528927863,15.123606440919898,13.105677040826512,11.08741478958336,9.068827148125903,7.049921577389809,5.030705538310523,3.011186491823713,0.9913718988648595,-1.0287307796304213,-3.0491140827265863,-5.069770549488089,-7.090692718979342,-9.111873130264804,-11.133304322408902,-13.154978834476088,-15.176889205530784,-17.19902797463744,-19.221387680860506,-21.24396086326442,-23.26674006091355,-25.289717812872436,-27.312886658205464,-29.336239135977078,-31.35976778525174,-33.383465145093865,-35.40732375456788,-37.43133615273823,-39.4554948786694,-41.479792471425746
551.19,73.6498942886977,71.64903357655881,69.64819260384628,67.64735793550831,65.64651613649318,63.645653771749174,61.64475740622453,59.6438136048675,57.64280893262633,55.641729954449325,53.64056323528473,51.63929534008082,49.63791283378576,47.636402281347955,45.63475024771555,43.63294329783684,41.63096799666009,39.628810909133556,37.626458600205495,35.62389763482416,33.62111457793785,31.618095994494766,29.614828449443216,27.611298507731412,25.607492734307627,23.60339769412016,21.59899995211723,19.594286073247105,17.589242622458052,15.583856164698313,13.57811370855312,11.572012466257389,9.56555985369576,7.558763730389903,5.551631955861341,3.544172389631759,1.5363928912227007,-0.47169867984418046,-2.4800944640473164,-4.488786601865056,-6.497767233775824,-8.507028500258018,-10.516562541790003,-12.526361498850196,-14.53641751191697,-16.54672272146875,-18.557269267983898,-20.568049291940817,-22.579054933817908,-24.590278334093586,-26.60171163324615,-28.61334697175411,-30.625176490095793,-32.637192328749606,-34.649386628193966,-36.661751528907246,-38.6742791713678,-40.68696169605409,-42.699791243444466,-44.712759954017336
560.68,69.73855468211961,67.74933531313772,65.76013650255447,63.77094439511595,61.781745135568485,59.79252486865822,57.80326973913139,55.813965891734114,53.824599471212636,51.83515662231315,49.84562348978186,47.85598621836494,45.866230952808586,43.876343837859004,41.88631101826242,39.89611863876495,37.9057528441129,35.91519977905237,33.9244455883296,31.93347641669075,29.942278408882075,27.95083770964974,25.959140463739935,23.967172815898845,21.974920910872708,19.982370893407673,17.98950890824997,15.996321100145757,14.002793613841275,12.0089125940827,10.014664646060503,8.020046965183473,6.025067337078653,4.029734007817514,2.0340552234713023,0.03803923011148427,-1.9583057261906478,-3.9549713993636706,-5.95194954333627,-7.949231912037024,-9.946810259394601,-11.944676339337626,-13.942821905794736,-15.941238712694537,-17.939918513965694,-19.938853063536836,-21.938034115336585,-23.937453423293576,-25.937102741336467,-27.936973823393874,-29.937058423394372,-31.937348295266688,-33.93783519293941,-35.93851087034117,-37.93936708140063,-39.94039558004639,-41.94158812020708,-43.94293645581135,-45.94443234078783,-47.946067529065154
570.17,65.8271105168868,63.849522686797044,61.871956084871336,59.894396458802895,57.916829556284966,55.93924112501093,53.96161691267399,51.98394266696742,50.00620413558451,48.02838706621853,46.050477206562746,44.07246030431043,42.094322107154866,40.116048362789336,38.137624818907064,36.15903722320136,34.180271323365496,32.20131286709277,30.222147602076383,28.24276127600967,26.26313963658589,24.283268431498307,22.30313340844019,20.322720315104824,18.34201489918547,16.361002908375426,14.37967009036793,12.398002192856266,10.415984963533704,8.433604150093554,6.450845976737832,4.467707627370859,2.484197245599125,0.5003234515380279,-1.483905134697228,-3.468479892991231,-5.453392203228742,-7.4386334452943785,-9.424194999072881,-11.410068244448894,-13.396244561307103,-15.382715329532237,-17.36947192900891,-19.356505739621866,-21.343808141255757,-23.331370513795292,-25.319184237125132,-27.307240691129966,-29.29553125569449,-31.2840473107034,-33.2727802360413,-35.26172141159299,-37.25086221724306,-39.24019403287626,-41.229708238377256,-43.21939621363072,-45.20924933852132,-47.199258992933764,-49.18941655675275,-51.17971340986293
579.66,61.91556095018156,59.94959477565278,57.98365034726423,56.01771303929143,54.05176822600991,52.0858012816953,50.11979758062311,48.15374249706889,46.187621405308185,44.22141967961659,42.255122694269645,40.28871582354292,38.322184441711904,36.35551392305225,34.38868964183943,32.42169697234905,30.454521288856657,28.487147965637796,26.51956237696802,24.551749897122896,22.58369590037799,20.615385761008845,18.64680485329103,16.67793855150004,14.708772229911505,12.73929126280095,10.76948102444394,8.799326889116006,6.82881423109273,4.857928424649661,2.8866553358729568,0.914992142492342,-1.0570526661188648,-3.0294701087766702,-5.002251204297236,-6.975386971496548,-8.948868429190755,-10.922686596195863,-12.896832491328,-14.871297133403193,-16.846071541237524,-18.821146733647105,-20.796513729447955,-22.772163547456167,-24.74808720648782,-26.724275725358996,-28.700720122885738,-30.67741141788414,-32.65434062917027,-34.63149877556022,-36.60887687586998,-38.58646594891574,-40.56425701351348,-42.54224108847931,-44.52040919262934,-46.498752344779575,-48.477261563746104,-50.45592786834503,-52.434742277392395,-54.41369580970428
589.15,58.0039051391861,56.049550657820845,54.09521828620044,52.14089304930398,50.186559972110565,48.23220407959937,46.27781039674943,44.32336394853988,42.36884975994983,40.4142528559584,38.459558261544714,36.50475100168788,34.54981610136694,32.594738585561096,30.63950347924941,28.684095807411015,26.728500595024997,24.77270286707049,22.816687648526596,20.86043996437241,18.903944839587087,16.947187299149704,14.990152368039357,13.032825071235171,11.075190433716276,9.117233480461778,7.158939236450763,5.200292726662357,3.2412789760756695,1.2818830096698155,-0.677909641246323,-2.6381017997793688,-4.598684643451422,-6.559648843454741,-8.520985070981757,-10.48268399722468,-12.444736293375922,-14.407132630627729,-16.3698636801725,-18.332920113202505,-20.296292600910075,-22.259971814487564,-24.223948425127247,-26.188213104021486,-28.15275652236258,-30.117569351342887,-32.08264226215469,-34.04796592599033,-36.013531014042144,-37.97932819750245,-39.9453481475635,-41.91158153541773,-43.878019032257406,-45.84465130927485,-47.811469037662405,-49.778462888612395,-51.745623533317094,-53.71294164296888,-55.68040788876006,-57.64801294188294
598.64,54.09214224108257,52.14938941141702,50.20665889814711,48.26393540156278,46.32120362195409,44.37844825961101,42.43565401482356,40.49280558788173,38.549887679075525,36.60688498869496,34.66378221703005,32.720564064370755,30.77721523100711,28.833720417229138,26.89006432332678,24.946231649590104,23.002207096309093,21.057975363773743,19.113521152274053,17.168829162100035,15.223884093541695,13.278670646889045,11.333173522432075,9.38737742046078,7.441267041265179,5.494827085135278,3.548042252361085,1.6008972432325697,-0.34662324196023275,-2.2945345029273225,-4.242851319332293,-6.191576509771627,-8.14070093177472,-10.090214922824456,-12.040108820403903,-13.990372961995922,-15.940997685083554,-17.891973327149696,-19.843290225677375,-21.794938718149503,-23.746909142049052,-25.69919183485902,-27.651777134062325,-29.604655377141928,-31.557816901580836,-33.51125204486199,-35.464951144468344,-37.41890453788285,-39.373102562588514,-41.327535556068284,-43.282193855805055,-45.23706779928188,-47.19214772398169,-49.147423967387425,-51.1028868669821,-53.05852676024863,-55.01433398466998,-56.97029887772913,-58.926411776909035,-60.882663019692664
608.14,50.18027141305344,48.24911011455749,46.31797117957174,44.38683900879044,42.455698002907916,40.52453256261848,38.59332708861644,36.66206598159606,34.73073364225164,32.79931447127752,30.867792869367992,28.93615323721733,27.004379975519857,25.072457484969856,23.14037016626165,21.208102420089535,19.275638647147787,17.342963248130737,15.410060623732681,13.47691517464791,11.543511301570721,9.609833405195426,7.675865886216338,5.741593145327715,3.80699958322389,1.8720696005991668,-0.06321240185215932,-1.9988620234358057,-3.9348948634574534,-5.871326521222798,-7.808172063096957,-9.745434297811535,-11.683103776464666,-13.621170517213793,-15.55962453821653,-17.498455857630304,-19.437654493612712,-21.37721046432119,-23.31711378791333,-25.25735448254659,-27.197922566378498,-29.138808057566603,-31.08000097426839,-33.02149133464138,-34.963269156843104,-36.90532445903106,-38.84764725936278,-40.79022757599577,-42.73305542708755,-44.67612083079567,-46.619413805277546,-48.5629243686908,-50.50664253919291,-52.45055833494137,-54.39466177409376,-56.33894287480756,-58.28339165524023,-60.22799813354937,-62.17275232789246,-64.11764425642701
617.63,46.268291812280864,44.34871184535805,42.42915412694148,40.50960278370918,38.59004194233922,36.670455729509676,34.750828271898634,32.83114369618415,30.911386129044264,28.99153969715705,27.071588527200625,25.151516745853016,23.231308479792293,21.310947855696526,19.390419000243796,17.469706040112143,15.548793101979665,13.62766431252443,11.706303798424477,9.784695686357887,7.862824103002728,5.94067317503708,4.018227029139002,2.0954697919865533,0.17238559025780958,-1.7510414493691497,-3.6748272002162747,-5.598987535605505,-7.523538328858749,-9.448495453297951,-11.373874237252606,-13.29967747422645,-15.225895422897434,-17.152517796951006,-19.07953431007277,-21.006934675948138,-22.934708608262707,-24.86284582070191,-26.791336026951335,-28.72016894069643,-30.649334275622724,-32.578821745415745,-34.50862106376097,-36.438721944343946,-38.369114100850155,-40.29978724696513,-42.230731096374356,-44.16193536276336,-46.093389759817676,-48.02508400122278,-49.95700780066415,-51.889150871827376,-53.82150292839791,-55.75405368406129,-57.68679285250303,-59.61971014740864,-61.552795282463585,-63.48603797135342,-65.41942792776365,-67.35295486537977
627.12,42.356202595947046,40.44819368193463,38.540206736723626,36.632225639041366,34.72423426761522,32.816216501172626,30.908156218440897,29.00003729814742,27.09184361901955,25.183559059784667,23.275167499170145,21.366652815903375,19.457998888711682,17.549189596322474,15.640208817463103,13.731040430860952,11.82166831524338,9.912076349337783,8.00224841187149,6.0921683815719065,4.181820137166395,2.2711875573823206,0.36025452094705585,-1.5509950934120338,-3.4625774069675774,-5.37450854099219,-7.286804616758506,-9.19948175553917,-11.112556078606803,-13.026043707234015,-14.939960206511449,-16.85430834934365,-18.769078116449126,-20.68425893236425,-22.599840221625637,-24.515811408769626,-26.432161918332767,-28.348881174851478,-30.265958602862288,-32.18338362690161,-34.10114567150593,-36.01923416121176,-37.937638520555495,-39.85634817407366,-41.775352546302706,-43.69464106177913,-45.61420314503936,-47.5340282206199,-49.454105713057196,-51.37442504688775,-53.29497564664798,-55.21574693687441,-57.13672834210348,-59.05790928687166,-60.979279195715456,-62.9008274931713,-64.82254360377566,-66.74441695206501,-68.66643696257586,-70.58859305984461
636.61,38.44400292123433,36.5475547024032,34.65112800538548,32.754706487509395,30.858273806103274,28.961813618495352,27.065309582013953,25.16874535398731,23.27210459174371,21.37537095261143,19.478528093918747,17.581559672993947,15.684449347165279,13.787180773761051,11.889737610109503,9.992103513538945,8.094262141377635,6.196197150953851,4.297892199595862,2.3993309446319544,0.5004970433904135,-1.3986258468004988,-3.298054068612519,-5.197803964717361,-7.097891877786745,-8.998334150492393,-10.899147125506042,-12.8003471454994,-14.701950553144219,-16.603973691112184,-18.506432335585625,-20.40932923349038,-22.312654102495774,-24.21639609378169,-26.120544358528136,-28.02508804791493,-29.930016313122096,-31.83531830532947,-33.740983175717034,-35.647000075464675,-37.55335815575232,-39.4600465677599,-41.36705446266733,-43.274370991654536,-45.18198530590143,-47.089886556587956,-48.998063894894,-50.90650647199953,-52.81520343908444,-54.724143947328656,-56.63331714791206,-58.54271219201464,-60.45231823081629,-62.362124415496936,-64.27211989723651,-66.1822938272149,-68.09263535661204,-70.00313363660786,-71.9137778183823,-73.8245570531152
646.1,34.53169194532498,32.646793984879714,30.761916929394342,28.877044241835684,26.99215938517059,25.10724582236593,23.222287016388545,21.33726643020527,19.45216752678296,17.566973769088463,15.681668620088628,13.796235542750335,11.910658000040375,10.024919454925621,8.139003370372926,6.252893209349149,4.36657243482112,2.4800245097556926,0.5932328971197103,-1.2938189401199753,-3.1811475389964956,-5.068769436543029,-6.9567011697927175,-8.844959275778724,-10.733560291534179,-12.622520754092248,-14.51185720048608,-16.401586167748828,-18.291724192913648,-20.18228781301367,-22.073292989187316,-23.96474243699386,-25.85662562641345,-27.748931451531426,-29.64164880643326,-31.534766585204256,-33.42827368192988,-35.322158990695456,-37.21641140558644,-39.11101982068817,-41.005973130086055,-42.90126022786549,-44.79687000811187,-46.69279136491057,-48.58901319234696,-50.48552438450651,-52.382313835474534,-54.27937043933647,-56.176683090177676,-58.07424068208358,-59.97203210913948,-61.870046265430865,-63.76827204504311,-65.66669834206158,-67.5653140505717,-69.46410806465884,-71.36306927840836,-73.26218658590568,-75.16144888123618,-77.06084505848527
655.59,30.619268825401225,28.745910607480095,26.872572505217494,24.999237814742568,23.12588983218447,21.252511853672342,19.379087175335393,17.505599093302703,15.632030903703471,13.75836590266686,11.884587386322014,10.010678650798067,8.13662299222418,6.262403706729543,4.388004090443268,2.5134074394945354,0.6385970500124925,-1.2364437818736966,-3.1117317600349006,-4.987283588341943,-6.863115970665665,-8.739245610876935,-10.615689212846572,-12.49246348044545,-14.369585117544384,-16.247070828014234,-18.124937315725848,-20.003201284550066,-21.88187943835775,-23.760988481019695,-25.640544532028695,-27.52055027018139,-29.400994933578243,-31.28186717594164,-33.16315565099404,-35.044849012457796,-36.926935914055356,-38.809405009509064,-40.69224495254139,-42.57544439687467,-44.458991996231354,-46.34287640433385,-48.2270862749045,-50.111610261665774,-51.99643701834005,-53.88155519864975,-55.766953456317225,-57.65262044506494,-59.53854481861525,-61.4247152306906,-63.31112033501332,-65.19774878530589,-67.08458923529068,-68.97163033869012,-70.8588607492266,-72.74626912062251,-74.63384410660021,-76.5215743608822,-78.40944853719081,-80.29745528924846
665.08,26.706732718645235,24.844903648320177,22.98309372932213,21.121286118952327,19.25946397451204,17.397610453302548,15.535708712625105,13.673741909780944,11.811693202071341,9.949545746797586,8.087282701260907,6.224887222762583,4.362342468603859,2.4996315960860267,0.6367377625102992,-1.226355874822012,-3.0896661586096785,-4.953209931551413,-6.8170040363459865,-8.68106531569211,-10.54541061228853,-12.410056768833984,-14.275020628027214,-16.140319032566968,-18.005968825151974,-19.871986848480955,-21.73838994525268,-23.605194958165875,-25.472418729919283,-27.34007810321161,-29.208189328822087,-31.076755043380313,-32.945764269366336,-34.81520543734057,-36.68506697786363,-38.555337321495855,-40.426004898797835,-42.29705814032999,-44.16848547665286,-46.04027533832688,-47.91241615591253,-49.784896359970375,-51.65770438106079,-53.53082864974434,-55.40425759658145,-57.27797965213266,-59.151983246958416,-61.02625681161924,-62.90078877667557,-64.77556757268793,-66.65058163021676,-68.52581937982258,-70.40126925206586,-72.27691967750711,-74.15275908670678,-76.0287759102254,-77.90495857862334,-79.78129552246124,-81.65777517229947,-83.53438595869856
674.58,22.79408278223946,20.9437721855161,19.093479598175715,17.243188067187532,15.39288063952079,13.54254036214473,11.69215028202858,9.841693446141571,7.991152901452925,6.1405116949319085,4.289752873547742,2.438859484269639,0.5878145740668423,-1.2633988100913873,-3.1147976212358612,-4.966398812397308,-6.8182193366065205,-8.670276146894233,-10.522586196291261,-12.37516643782832,-14.228033824536192,-16.08120530944566,-17.934697845587475,-19.788528385992425,-21.642713883691243,-23.497271291714707,-25.3522175630936,-27.207569650858677,-29.063344508040704,-30.91955908767044,-32.776229744279455,-34.63335906691773,-36.490935879153604,-38.34894840605622,-40.2073848726948,-42.066233504138445,-43.92548252545635,-45.785120161717636,-47.64513463799154,-49.50551417934714,-51.36624701085363,-53.22732135758017,-55.08872544459592,-56.95044749697003,-58.81247573977168,-60.674798398070024,-62.537403696934206,-64.4002798614334,-66.26341511663678,-68.12679768761352,-69.9904157994327,-71.85425767716355,-73.7183115458752,-75.58256563063685,-77.44700815651763,-79.3116273485867,-81.17641143191321,-83.04134863156635,-84.90642717261528,-86.77163528012912
684.07,18.88131817336603,17.042515297183648,15.203729108245396,13.364942572170403,11.526138654577826,9.687300321086784,7.848410537316429,6.009452268885893,4.170408481414298,2.3312621405208067,0.4919962118245411,-1.347406339055347,-3.1869625464997418,-5.026689444889479,-6.866604068605455,-8.706723452028498,-10.547064629539488,-12.387644635519278,-14.228480504348749,-16.069589270408738,-17.91098796808012,-19.752693631743753,-21.594723295780508,-23.437093994571256,-25.279822762496835,-27.122926633938103,-28.96642264327595,-30.81032782489124,-32.65465921316482,-34.499433842477536,-36.344668143113125,-38.190364651121,-40.03651200831626,-41.883098252416836,-43.730111421140755,-45.57753955220589,-47.42537068333025,-49.273592852231765,-51.122194096628434,-52.97116245423817,-54.820485962778925,-56.6701526599687,-58.52015058352542,-60.37046777116706,-62.221092260611535,-64.07201208957687,-65.92321529578096,-67.7746899169418,-69.62642399077734,-71.47840555500557,-73.33062264734431,-75.18306330551171,-77.0357155672256,-78.88856747020394,-80.74160705216481,-82.594822350826,-84.44820140390554,-86.30173224912141,-88.15540292419155,-90.00920146683389
693.56,14.968438049207197,13.141132061438759,11.313841255998478,9.486548546623347,7.659236847050422,5.831889071016748,4.004488132259372,2.1770169445153167,0.34945842152162265,-1.4782045229846583,-3.3059889752664895,-5.133912021586832,-6.961990748208666,-8.790242241394921,-10.618683587408583,-12.447331872512594,-14.276204182969929,-16.10531760504353,-17.93468922499639,-19.764336129091433,-21.594275403591634,-23.42452413475995,-25.25509940885935,-27.086018312152806,-28.917297930903256,-30.748955351373652,-32.58100765982699,-34.4134719425262,-36.24636528573428,-38.079704775714134,-39.913506890035286,-41.74777410631743,-43.582494902230415,-45.417657146750614,-47.2532487088545,-49.08925745751839,-50.92567126171878,-52.76247799043196,-54.599665512634445,-56.43722169730253,-58.27513441341269,-60.11339152994128,-61.951980915864716,-63.7908904401594,-65.63010797180173,-67.46962137976814,-69.30941853303496,-71.14948730057863,-72.98981555137556,-74.83039115440216,-76.67120197863476,-78.51223589304985,-80.35348076662376,-82.19492446833294,-84.03655486715377,-85.87835983206267,-87.72032723203597,-89.56244493605013,-91.40470081308158,-93.24708273210665
703.05,11.055441566945323,9.239621556397491,7.423815037902314,5.608004903268796,3.792174044305928,1.9763053528227366,0.16038172062821676,-1.6556139604686402,-3.471698798658814,-5.287889902133291,-7.10420437908308,-8.920659337699176,-10.737271886172575,-12.554059132694263,-14.371038185455257,-16.188226152646518,-18.005640142459058,-19.82329726308388,-21.641214622711978,-23.45940932953432,-25.277898491741944,-27.096699217525796,-28.91582861507692,-30.73530379258629,-32.555141858244895,-34.37535992024373,-36.1959750867738,-38.0170044660261,-39.83846516619163,-41.66037429546136,-43.482748349758026,-45.30558974283415,-47.128886806272014,-48.95262725938557,-50.77679882148895,-52.60138921189608,-54.42638614992102,-56.251777354877746,-58.077550546080325,-59.90369344284272,-61.730193764478976,-63.55703923030311,-65.38421755962912,-67.21171647177104,-69.03952368604284,-70.86762692175864,-72.69601389823234,-74.52467233477802,-76.35358995070966,-78.18275446534135,-80.01215359798697,-81.84177506796065,-83.67160659457639,-85.50163589714818,-87.33185069499004,-89.162238707416,-90.99278765374002,-92.82348525327617,-94.65431922533848,-96.48527728924091
712.54,7.142327883762514,5.337982860175609,3.533649450424066,1.7293105548289842,-0.07505092628853129,-1.8794520926073872,-3.68391004380647,-5.488441879564702,-7.29306469956097,-9.097795603474164,-10.902651690983193,-12.707650061766962,-14.51280781550438,-16.318142051874318,-18.1236698705557,-19.92940837122741,-21.735374653568364,-23.54158581725745,-25.34805896197357,-27.15481118739562,-28.961859593202508,-30.76922127907313,-32.57691334468639,-34.384952889721184,-36.19335701385641,-38.00214281677096,-39.81132739814377,-41.620927857653705,-43.43096129497969,-45.24144480980058,-47.052394886993675,-48.863813870998584,-50.67568996581728,-52.48801076065006,-54.30076384469729,-56.11393680715926,-57.92751723723635,-59.74149272412884,-61.555850857037115,-63.370579225161435,-65.18566541770217,-67.00109702385966,-68.81686163283418,-70.63294683382608,-72.44934021603572,-74.26602936866344,-76.08300188090949,-77.90024534197428,-79.71774734105813,-81.53549546736133,-83.35347731008416,-85.17168045842708,-86.99009250159033,-88.80870102877427,-90.62749362917921,-92.44645789200551,-94.26558140645344,-96.08485176172339,-97.90425654701565,-99.72378335153056
722.03,3.229096156841187,1.436215050889207,-0.35665650996883796,-2.1495355859735503,-3.9424392373655484,-5.735384524385432,-7.528388507273805,-9.3214682462713,-11.114640801618513,-12.907923233556037,-14.701332602324495,-16.4948859681645,-18.28860039131667,-20.082492932021573,-21.87658065051988,-23.67088060705215,-25.46540986185901,-27.260185475181068,-29.055224507258934,-30.85054401833321,-32.64616106864451,-34.44209271843345,-36.23835602794063,-38.03496805740667,-39.83194586707217,-41.629306517177724,-43.42706706796397,-45.225244579671504,-47.023856112540955,-48.82291872681288,-50.622448866454256,-52.42244880113785,-54.222906626242164,-56.023809820872025,-57.82514586413239,-59.626902235128014,-61.42906641296387,-63.23162587674472,-65.03456810557556,-66.83788057856111,-68.64155077480632,-70.44556617341604,-72.24991425349515,-74.05458249414848,-75.85955837448091,-77.66482937359736,-79.47038297060259,-81.27620664460157,-83.08228787469909,-84.8886141400001,-86.69517291960932,-88.50195169263178,-90.30893793817222,-92.11611913533558,-93.92348276322673,-95.7310163009505,-97.53870722761172,-99.34654302231536,-101.1545111641662,-102.96259913226912
731.53,-0.6842544566365252,-2.465682793345901,-4.247103846809232,-6.028534606416566,-7.809992061557981,-9.591493201623502,-11.373055016003198,-13.154694494087138,-14.936428625265371,-16.71827439892794,-18.50024880446492,-20.282368831266357,-22.064651468722317,-23.847113706222846,-25.629772533158015,-27.412644938917857,-29.195747912892454,-30.979098444471845,-32.762713523046095,-34.546610138005256,-36.33080527873939,-38.115315934638545,-39.90015909509279,-41.685351749492185,-43.47091088722676,-45.256853497686585,-47.043196570261735,-48.82995709434225,-50.617152059318194,-52.404798454579606,-54.19291265285211,-55.981496843579336,-57.77053903292286,-59.56002661037979,-61.349946965447366,-63.14028748762265,-64.93103556640287,-66.7221785912851,-68.51370395176659,-70.30559903734441,-72.09785123751573,-73.89044794177775,-75.68337653962755,-77.47662442056232,-79.27017897407923,-81.06402758967539,-82.85815765684798,-84.65255656509414,-86.44721170391104,-88.24211046279585,-90.03724023124559,-91.83258839875761,-93.62814235482894,-95.42388948895675,-97.21981719063821,-99.01591284937047,-100.81216385465065,-102.60855759597594,-104.40508146284348,-106.20172284475042
741.02,-4.597724799488304,-6.367711594413728,-8.137693563629778,-9.907687593777647,-11.677710571498507,-13.447779383433515,-15.21791091622387,-16.988122056510743,-18.758429690935312,-20.528850706138744,-22.29940198876222,-24.070100425446928,-25.84096290283403,-27.612006307564705,-29.383247526280137,-31.154703445621497,-32.92639095222996,-34.6983269327467,-36.470528273812924,-38.24301186206976,-40.0157945841584,-41.78889332672004,-43.562324976395836,-45.33610641982698,-47.110254543654655,-48.88478623452,-50.65971837906423,-52.43506786392851,-54.21085157575403,-55.98708640118192,-57.76378861089934,-59.54096030865024,-61.31858943123538,-63.096663299501444,-64.87516923429521,-66.6540945564633,-68.43342658685255,-70.21315264630955,-71.9932600556811,-73.77373613581389,-75.55456820755461,-77.33574359175002,-79.11724960924676,-80.8990735808916,-82.68120282753125,-84.46362467001244,-86.24632642918183,-88.02929542588618,-89.8125189809722,-91.59598441528661,-93.37967904967604,-95.16359020498732,-96.94770520206708,-98.73201136176213,-100.51649600491912,-102.30114645238474,-104.08595002500572,-105.87089404362881,-107.65596582910067,-109.44115270226806
750.51,-8.511315714531872,-10.269872274198294,-12.028426663963169,-13.786995635334373,-15.545595939819833,-17.304244328927428,-19.062957554165067,-20.821752367040677,-22.580645519062124,-24.33965376173733,-26.09879384657419,-27.858082525080633,-29.617536548764523,-31.37717266913379,-33.137007637696335,-34.89705820596004,-36.65734112543284,-38.417873147622615,-40.17867102403727,-41.93975150618471,-43.70113134557284,-45.46282729370956,-47.22485610210278,-48.9872345222604,-50.74997930569032,-52.513107203900425,-54.27663496839867,-56.04057935069291,-57.80495710229108,-59.56978497470102,-61.335079105308104,-63.1008415066778,-64.86706006655578,-66.63372205856511,-68.40081475632891,-70.16832543347017,-71.93624136361207,-73.70454982037762,-75.47323807738994,-77.24229340827205,-79.01170308664707,-80.7814543861381,-82.55153458036816,-84.32193094296032,-86.0926307475377,-87.8636212677234,-89.63488977714042,-91.4064235494119,-93.1782098581609,-94.95023597701051,-96.72248917958372,-98.49495673950369,-100.26762593039352,-102.04048402587625,-103.81351829957494,-105.58671602511271,-107.36006447611257,-109.13355092619766,-110.907162648991,-112.68088691811573
760.0,-12.42502804458502,-14.17216575458375,-15.919304151342173,-17.66645981836445,-19.413649339154762,-21.160889297217263,-22.908196276056135,-24.655586859175568,-26.403077630079682,-28.150685172272677,-29.898426069258715,-31.646316904541976,-33.39437426162662,-35.14261472401683,-36.89105487521677,-38.639711298730575,-40.38860057806248,-42.1377392967166,-43.88714403819714,-45.63683138600824,-47.386817923654085,-49.13712023463884,-50.88775490246668,-52.638738510641794,-54.39008764266831,-56.141818882050416,-57.893948812292294,-59.64649401689812,-61.39947107937204,-63.152896583218215,-64.90678650079064,-66.66114274798935,-68.41595318426023,-70.171205057899,-71.92688561720155,-73.6829821104635,-75.43948178598076,-77.19637189204899,-78.95363967696402,-80.71127238902157,-82.46925727651742,-84.2275815877474,-85.98623257100716,-87.74519747459254,-89.5044635467993,-91.26401803592323,-93.02384819026004,-94.78394125810556,-96.5442844877555,-98.30486512750564,-100.06567042565173,-101.8266876304896,-103.58790399031497,-105.34930675342362,-107.1108831681113,-108.87262048267382,-110.63450594540686,-112.39652680460628,-114.15867030856779,-115.92092370558719
